{
    "colors":[],
    "vertices":[-4,3.24678,0.617216,-4,3.82036,-0.201935,-4,2.42763,0.0436394,-4,3.00121,-0.775512,4,3.24678,0.617216,4,3.82036,-0.201935,4,2.42763,0.0436394,4,3.00121,-0.775512,-4,-1.7567,0.744732,-4,-1.17716,-0.070208,-4,-2.57164,0.165186,-4,-1.9921,-0.649754,4,-1.7567,0.744732,4,-1.17716,-0.070208,4,-2.57164,0.165186,4,-1.9921,-0.649754,-4,-3.0063,0.776391,-4,-2.42675,-0.0385488,-4,-3.82124,0.196845,-4,-3.24169,-0.618095,4,-3.0063,0.776391,4,-2.42675,-0.0385488,4,-3.82124,0.196845,4,-3.24169,-0.618095,-4,-0.507102,0.713073,-4,0.0724435,-0.101867,-4,-1.32204,0.133527,-4,-0.742496,-0.681413,4,-0.507102,0.713073,4,0.0724435,-0.101867,4,-1.32204,0.133527,4,-0.742496,-0.681413,-4,1.9921,0.649754,-4,2.57164,-0.165186,-4,1.17716,0.0702085,-4,1.7567,-0.744731,4,1.9921,0.649754,4,2.57164,-0.165186,4,1.17716,0.0702085,4,1.7567,-0.744731,-4,4.41885,0.688303,-4,4.9984,-0.126637,-4,3.60391,0.108758,-4,4.18346,-0.706182,4,4.41885,0.688303,4,4.9984,-0.126637,4,3.60391,0.108758,4,4.18346,-0.706182,-4,0.742496,0.681413,-4,1.32204,-0.133527,-4,-0.072443,0.101868,-4,0.507102,-0.713072,4,0.742496,0.681413,4,1.32204,-0.133527,4,-0.072443,0.101868,4,0.507102,-0.713072,-4,-4.18346,0.706182,-4,-3.60391,-0.108757,-4,-4.9984,0.126637,-4,-4.41885,-0.688303,4,-4.18346,0.706182,4,-3.60391,-0.108757,4,-4.9984,0.126637,4,-4.41885,-0.688303],
    "materials":[],
    "skinIndices":[],
    "normals":[-1,0,0,0,-0.819152,-0.573577,1,0,0,0,0.819152,0.573577,0,-0.573577,0.819152,0,0.573577,-0.819152,0,-0.81494,-0.579546,0,0.81494,0.579546,0,-0.579546,0.81494,0,0.579546,-0.81494,0,-0.81494,-0.579546,0,0.81494,0.579545,0,-0.579545,0.81494,0,-0.81494,-0.579545,0,-0.579546,0.81494,0,0.579546,-0.81494,0,-0.81494,-0.579546,0,0.81494,0.579546,0,-0.579545,0.81494,0,0.579546,-0.81494,0,-0.81494,-0.579546,0,-0.579546,0.81494,0,-0.81494,-0.579545,0,0.81494,0.579546,0,-0.579546,0.81494,0,0.579546,-0.81494],
    "influencesPerVertex":2,
    "metadata":{
        "colors":0,
        "vertices":64,
        "materials":0,
        "generator":"io_three",
        "version":3,
        "normals":26,
        "type":"Geometry",
        "faces":48,
        "uvs":0
    },
    "faces":[35,0,1,3,2,0,0,0,0,0,35,2,3,7,6,0,1,1,1,1,35,6,7,5,4,0,2,2,2,2,35,1,0,4,5,0,3,3,3,3,35,4,0,2,6,0,4,4,4,4,35,7,3,1,5,0,5,5,5,5,35,8,9,11,10,0,0,0,0,0,35,10,11,15,14,0,6,6,6,6,35,14,15,13,12,0,2,2,2,2,35,12,13,9,8,0,7,7,7,7,35,10,14,12,8,0,8,8,8,8,35,15,11,9,13,0,9,9,9,9,35,16,17,19,18,0,0,0,0,0,35,18,19,23,22,0,10,10,10,10,35,22,23,21,20,0,2,2,2,2,35,20,21,17,16,0,11,11,11,11,35,18,22,20,16,0,12,12,12,12,35,23,19,17,21,0,9,9,9,9,35,24,25,27,26,0,0,0,0,0,35,26,27,31,30,0,13,13,13,13,35,30,31,29,28,0,2,2,2,2,35,28,29,25,24,0,7,7,7,7,35,26,30,28,24,0,14,14,14,14,35,31,27,25,29,0,15,15,15,15,35,32,33,35,34,0,0,0,0,0,35,34,35,39,38,0,16,16,16,16,35,38,39,37,36,0,2,2,2,2,35,36,37,33,32,0,17,17,17,17,35,34,38,36,32,0,18,18,18,18,35,39,35,33,37,0,19,19,19,19,35,40,41,43,42,0,0,0,0,0,35,42,43,47,46,0,20,20,20,20,35,46,47,45,44,0,2,2,2,2,35,44,45,41,40,0,17,17,17,17,35,42,46,44,40,0,21,21,21,21,35,47,43,41,45,0,15,15,15,15,35,48,49,51,50,0,0,0,0,0,35,50,51,55,54,0,22,22,22,22,35,54,55,53,52,0,2,2,2,2,35,52,53,49,48,0,23,23,23,23,35,50,54,52,48,0,24,24,24,24,35,55,51,49,53,0,25,25,25,25,35,56,57,59,58,0,0,0,0,0,35,58,59,63,62,0,6,6,6,6,35,62,63,61,60,0,2,2,2,2,35,60,61,57,56,0,7,7,7,7,35,58,62,60,56,0,8,8,8,8,35,63,59,57,61,0,9,9,9,9],
    "skinWeights":[],
    "uvs":[]
}