{
    "colors":[],
    "vertices":[-0.05,-0.0698401,0.0110616,-0.05,0.0110616,0.0698401,-0.05,-0.0110616,-0.0698401,-0.05,0.0698401,-0.0110616,0.05,-0.0698401,0.0110616,0.05,0.0110616,0.0698401,0.05,-0.0110616,-0.0698401,0.05,0.0698401,-0.0110616,-4,-0.726867,-1.76417,-4,0.0821495,-1.17638,-4,-0.139082,-2.57318,-4,0.669935,-1.9854,4,-0.726867,-1.76417,4,0.0821495,-1.17638,4,-0.139082,-2.57318,4,0.669935,-1.9854,-4,-0.745845,-3.01402,-4,0.063172,-2.42624,-4,-0.15806,-3.82304,-4,0.650957,-3.23526,4,-0.745845,-3.01402,4,0.063172,-2.42624,4,-0.15806,-3.82304,4,0.650957,-3.23526,-4,-0.70789,-0.514312,-4,0.101127,0.0734731,-4,-0.120105,-1.32333,-4,0.688912,-0.735544,4,-0.70789,-0.514312,4,0.101127,0.0734731,4,-0.120105,-1.32333,4,0.688912,-0.735544,-4,-0.669935,1.9854,-4,0.139082,2.57318,-4,-0.0821495,1.17638,-4,0.726867,1.76417,4,-0.669935,1.9854,4,0.139082,2.57318,4,-0.0821495,1.17638,4,0.726867,1.76417,-4,-0.650957,3.23526,-4,0.15806,3.82304,-4,-0.063172,2.42624,-4,0.745845,3.01402,4,-0.650957,3.23526,4,0.15806,3.82304,4,-0.063172,2.42624,4,0.745845,3.01402,-4,-0.733107,4.41164,-4,0.0759103,4.99942,-4,-0.145321,3.60262,-4,0.663695,4.19041,4,-0.733107,4.41164,4,0.0759103,4.99942,4,-0.145321,3.60262,4,0.663695,4.19041,-4,-0.688912,0.735544,-4,0.120105,1.32333,-4,-0.101127,-0.0734731,-4,0.70789,0.514312,4,-0.688912,0.735544,4,0.120105,1.32333,4,-0.101127,-0.0734731,4,0.70789,0.514312,-4,-0.663695,-4.19041,-4,0.145321,-3.60262,-4,-0.0759103,-4.99942,-4,0.733107,-4.41164,4,-0.663695,-4.19041,4,0.145321,-3.60262,4,-0.0759103,-4.99942,4,0.733107,-4.41164],
    "materials":[],
    "skinIndices":[],
    "normals":[-1,0,0,0,0.587785,-0.809017,1,0,0,0,-0.587785,0.809017,0,-0.809017,-0.587785,0,0.809017,0.587785,0,0.587785,-0.809017,0,-0.587785,0.809017,0,-0.809017,-0.587785,0,0.809017,0.587785,0,0.587785,-0.809017,0,-0.587785,0.809017,0,-0.809017,-0.587785,0,0.809017,0.587785,0,0.587785,-0.809017,0,-0.587785,0.809017,0,-0.809017,-0.587785,0,0.587785,-0.809017,0,-0.587785,0.809017,0,0.809017,0.587785,0,0.587785,-0.809017,0,-0.587785,0.809017,0,-0.809017,-0.587785,0,0.809017,0.587785],
    "influencesPerVertex":2,
    "metadata":{
        "colors":0,
        "vertices":72,
        "materials":0,
        "generator":"io_three",
        "version":3,
        "normals":24,
        "type":"Geometry",
        "faces":54,
        "uvs":0
    },
    "faces":[35,0,1,3,2,0,0,0,0,0,35,2,3,7,6,0,1,1,1,1,35,6,7,5,4,0,2,2,2,2,35,1,0,4,5,0,3,3,3,3,35,4,0,2,6,0,4,4,4,4,35,7,3,1,5,0,5,5,5,5,35,8,9,11,10,0,0,0,0,0,35,10,11,15,14,0,6,6,6,6,35,14,15,13,12,0,2,2,2,2,35,12,13,9,8,0,7,7,7,7,35,10,14,12,8,0,8,8,8,8,35,15,11,9,13,0,9,9,9,9,35,16,17,19,18,0,0,0,0,0,35,18,19,23,22,0,10,10,10,10,35,22,23,21,20,0,2,2,2,2,35,20,21,17,16,0,11,11,11,11,35,18,22,20,16,0,12,12,12,12,35,23,19,17,21,0,13,13,13,13,35,24,25,27,26,0,0,0,0,0,35,26,27,31,30,0,14,14,14,14,35,30,31,29,28,0,2,2,2,2,35,28,29,25,24,0,15,15,15,15,35,26,30,28,24,0,16,16,16,16,35,31,27,25,29,0,9,9,9,9,35,32,33,35,34,0,0,0,0,0,35,34,35,39,38,0,17,17,17,17,35,38,39,37,36,0,2,2,2,2,35,36,37,33,32,0,18,18,18,18,35,34,38,36,32,0,16,16,16,16,35,39,35,33,37,0,19,19,19,19,35,40,41,43,42,0,0,0,0,0,35,42,43,47,46,0,10,10,10,10,35,46,47,45,44,0,2,2,2,2,35,44,45,41,40,0,11,11,11,11,35,42,46,44,40,0,12,12,12,12,35,47,43,41,45,0,13,13,13,13,35,48,49,51,50,0,0,0,0,0,35,50,51,55,54,0,20,20,20,20,35,54,55,53,52,0,2,2,2,2,35,52,53,49,48,0,21,21,21,21,35,50,54,52,48,0,22,22,22,22,35,55,51,49,53,0,23,23,23,23,35,56,57,59,58,0,0,0,0,0,35,58,59,63,62,0,14,14,14,14,35,62,63,61,60,0,2,2,2,2,35,60,61,57,56,0,15,15,15,15,35,58,62,60,56,0,16,16,16,16,35,63,59,57,61,0,9,9,9,9,35,64,65,67,66,0,0,0,0,0,35,66,67,71,70,0,20,20,20,20,35,70,71,69,68,0,2,2,2,2,35,68,69,65,64,0,21,21,21,21,35,66,70,68,64,0,22,22,22,22,35,71,67,65,69,0,23,23,23,23],
    "skinWeights":[],
    "uvs":[]
}