{
    "colors":[],
    "vertices":[-4,3.24678,0.617216,-4,3.82036,-0.201935,-4,2.42763,0.0436394,-4,3.00121,-0.775512,4,3.24678,0.617216,4,3.82036,-0.201935,4,2.42763,0.0436394,4,3.00121,-0.775512],
    "materials":[],
    "skinIndices":[],
    "normals":[-1,0,0,0,-0.819152,-0.573577,1,0,0,0,0.819152,0.573577,0,-0.573577,0.819152,0,0.573577,-0.819152],
    "influencesPerVertex":2,
    "metadata":{
        "colors":0,
        "vertices":8,
        "materials":0,
        "generator":"io_three",
        "version":3,
        "normals":6,
        "type":"Geometry",
        "faces":6,
        "uvs":0
    },
    "faces":[35,0,1,3,2,0,0,0,0,0,35,2,3,7,6,0,1,1,1,1,35,6,7,5,4,0,2,2,2,2,35,1,0,4,5,0,3,3,3,3,35,4,0,2,6,0,4,4,4,4,35,7,3,1,5,0,5,5,5,5],
    "skinWeights":[],
    "uvs":[]
}